Scene Number,Start Frame,Start Timecode,Start Time (seconds),End Frame,End Timecode,End Time (seconds),Length (frames),Length (timecode),Length (seconds)
1,0,00:00:00.000,0.000,408,00:00:17.017,17.017,408,00:00:17.017,17.017
2,408,00:00:17.017,17.017,1844,00:01:16.910,76.910,1436,00:00:59.893,59.893
3,1844,00:01:16.910,76.910,2075,00:01:26.545,86.545,231,00:00:09.635,9.635
4,2075,00:01:26.545,86.545,2897,00:02:00.829,120.829,822,00:00:34.284,34.284
5,2897,00:02:00.829,120.829,3202,00:02:13.550,133.550,305,00:00:12.721,12.721
6,3202,00:02:13.550,133.550,4573,00:03:10.732,190.732,1371,00:00:57.182,57.182
7,4573,00:03:10.732,190.732,4956,00:03:26.706,206.706,383,00:00:15.974,15.974
8,4956,00:03:26.706,206.706,5346,00:03:42.973,222.973,390,00:00:16.266,16.266
9,5346,00:03:42.973,222.973,5417,00:03:45.934,225.934,71,00:00:02.961,2.961
10,5417,00:03:45.934,225.934,5474,00:03:48.311,228.311,57,00:00:02.377,2.377
11,5474,00:03:48.311,228.311,5531,00:03:50.689,230.689,57,00:00:02.377,2.377
12,5531,00:03:50.689,230.689,5700,00:03:57.737,237.737,169,00:00:07.049,7.049
13,5700,00:03:57.737,237.737,5865,00:04:04.619,244.619,165,00:00:06.882,6.882
14,5865,00:04:04.619,244.619,6028,00:04:11.418,251.418,163,00:00:06.798,6.798
15,6028,00:04:11.418,251.418,6228,00:04:19.760,259.760,200,00:00:08.342,8.342
16,6228,00:04:19.760,259.760,6422,00:04:27.851,267.851,194,00:00:08.091,8.091
17,6422,00:04:27.851,267.851,6586,00:04:34.691,274.691,164,00:00:06.840,6.840
18,6586,00:04:34.691,274.691,7056,00:04:54.294,294.294,470,00:00:19.603,19.603
19,7056,00:04:54.294,294.294,7221,00:05:01.176,301.176,165,00:00:06.882,6.882
20,7221,00:05:01.176,301.176,7399,00:05:08.600,308.600,178,00:00:07.424,7.424
21,7399,00:05:08.600,308.600,8273,00:05:45.053,345.053,874,00:00:36.453,36.453
22,8273,00:05:45.053,345.053,8442,00:05:52.102,352.102,169,00:00:07.049,7.049
23,8442,00:05:52.102,352.102,8608,00:05:59.025,359.025,166,00:00:06.924,6.924
24,8608,00:05:59.025,359.025,8916,00:06:11.871,371.871,308,00:00:12.846,12.846
25,8916,00:06:11.871,371.871,9108,00:06:19.879,379.879,192,00:00:08.008,8.008
26,9108,00:06:19.879,379.879,9174,00:06:22.632,382.632,66,00:00:02.753,2.753
27,9174,00:06:22.632,382.632,9218,00:06:24.467,384.467,44,00:00:01.835,1.835
28,9218,00:06:24.467,384.467,9510,00:06:36.646,396.646,292,00:00:12.179,12.179
29,9510,00:06:36.646,396.646,10225,00:07:06.468,426.468,715,00:00:29.821,29.821
30,10225,00:07:06.468,426.468,10399,00:07:13.725,433.725,174,00:00:07.257,7.257
31,10399,00:07:13.725,433.725,10782,00:07:29.699,449.699,383,00:00:15.974,15.974
32,10782,00:07:29.699,449.699,11693,00:08:07.696,487.696,911,00:00:37.996,37.996
33,11693,00:08:07.696,487.696,12488,00:08:40.854,520.854,795,00:00:33.158,33.158
34,12488,00:08:40.854,520.854,12809,00:08:54.242,534.242,321,00:00:13.388,13.388
35,12809,00:08:54.242,534.242,12979,00:09:01.332,541.332,170,00:00:07.090,7.090
36,12979,00:09:01.332,541.332,13030,00:09:03.460,543.460,51,00:00:02.127,2.127
37,13030,00:09:03.460,543.460,13090,00:09:05.962,545.962,60,00:00:02.502,2.502
38,13090,00:09:05.962,545.962,13181,00:09:09.758,549.758,91,00:00:03.795,3.795
39,13181,00:09:09.758,549.758,13415,00:09:19.517,559.517,234,00:00:09.760,9.760
40,13415,00:09:19.517,559.517,13880,00:09:38.912,578.912,465,00:00:19.394,19.394
41,13880,00:09:38.912,578.912,13955,00:09:42.040,582.040,75,00:00:03.128,3.128
42,13955,00:09:42.040,582.040,14444,00:10:02.435,602.435,489,00:00:20.395,20.395
43,14444,00:10:02.435,602.435,14588,00:10:08.441,608.441,144,00:00:06.006,6.006
44,14588,00:10:08.441,608.441,14855,00:10:19.577,619.577,267,00:00:11.136,11.136
45,14855,00:10:19.577,619.577,14895,00:10:21.246,621.246,40,00:00:01.668,1.668
46,14895,00:10:21.246,621.246,15076,00:10:28.795,628.795,181,00:00:07.549,7.549
47,15076,00:10:28.795,628.795,15343,00:10:39.931,639.931,267,00:00:11.136,11.136
48,15343,00:10:39.931,639.931,16973,00:11:47.916,707.916,1630,00:01:07.985,67.985
49,16973,00:11:47.916,707.916,17090,00:11:52.795,712.795,117,00:00:04.880,4.880
50,17090,00:11:52.795,712.795,17388,00:12:05.224,725.224,298,00:00:12.429,12.429
51,17388,00:12:05.224,725.224,17627,00:12:15.193,735.193,239,00:00:09.968,9.968
52,17627,00:12:15.193,735.193,17815,00:12:23.034,743.034,188,00:00:07.841,7.841
53,17815,00:12:23.034,743.034,18306,00:12:43.513,763.513,491,00:00:20.479,20.479
54,18306,00:12:43.513,763.513,18557,00:12:53.982,773.982,251,00:00:10.469,10.469
55,18557,00:12:53.982,773.982,19154,00:13:18.881,798.881,597,00:00:24.900,24.900
56,19154,00:13:18.881,798.881,19391,00:13:28.766,808.766,237,00:00:09.885,9.885
57,19391,00:13:28.766,808.766,21049,00:14:37.919,877.919,1658,00:01:09.152,69.152
58,21049,00:14:37.919,877.919,21557,00:14:59.107,899.107,508,00:00:21.188,21.188
59,21557,00:14:59.107,899.107,21817,00:15:09.951,909.951,260,00:00:10.844,10.844
60,21817,00:15:09.951,909.951,21941,00:15:15.123,915.123,124,00:00:05.172,5.172
61,21941,00:15:15.123,915.123,22314,00:15:30.680,930.680,373,00:00:15.557,15.557
62,22314,00:15:30.680,930.680,22817,00:15:51.659,951.659,503,00:00:20.979,20.979
63,22817,00:15:51.659,951.659,23091,00:16:03.087,963.087,274,00:00:11.428,11.428
64,23091,00:16:03.087,963.087,23148,00:16:05.464,965.464,57,00:00:02.377,2.377
65,23148,00:16:05.464,965.464,23245,00:16:09.510,969.510,97,00:00:04.046,4.046
66,23245,00:16:09.510,969.510,23489,00:16:19.687,979.687,244,00:00:10.177,10.177
67,23489,00:16:19.687,979.687,23659,00:16:26.777,986.777,170,00:00:07.090,7.090
68,23659,00:16:26.777,986.777,24084,00:16:44.503,1004.503,425,00:00:17.726,17.726
69,24084,00:16:44.503,1004.503,24293,00:16:53.221,1013.221,209,00:00:08.717,8.717
70,24293,00:16:53.221,1013.221,24686,00:17:09.612,1029.612,393,00:00:16.391,16.391
71,24686,00:17:09.612,1029.612,24786,00:17:13.783,1033.783,100,00:00:04.171,4.171
72,24786,00:17:13.783,1033.783,24830,00:17:15.618,1035.618,44,00:00:01.835,1.835
73,24830,00:17:15.618,1035.618,25078,00:17:25.962,1045.962,248,00:00:10.344,10.344
74,25078,00:17:25.962,1045.962,25355,00:17:37.515,1057.515,277,00:00:11.553,11.553
75,25355,00:17:37.515,1057.515,25495,00:17:43.354,1063.354,140,00:00:05.839,5.839
76,25495,00:17:43.354,1063.354,25638,00:17:49.318,1069.318,143,00:00:05.964,5.964
77,25638,00:17:49.318,1069.318,26094,00:18:08.337,1088.337,456,00:00:19.019,19.019
78,26094,00:18:08.337,1088.337,26404,00:18:21.267,1101.267,310,00:00:12.930,12.930
79,26404,00:18:21.267,1101.267,26839,00:18:39.410,1119.410,435,00:00:18.143,18.143
80,26839,00:18:39.410,1119.410,27238,00:18:56.052,1136.052,399,00:00:16.642,16.642
81,27238,00:18:56.052,1136.052,27353,00:19:00.848,1140.848,115,00:00:04.796,4.796
82,27353,00:19:00.848,1140.848,27628,00:19:12.318,1152.318,275,00:00:11.470,11.470
83,27628,00:19:12.318,1152.318,27788,00:19:18.991,1158.991,160,00:00:06.673,6.673
84,27788,00:19:18.991,1158.991,27884,00:19:22.995,1162.995,96,00:00:04.004,4.004
85,27884,00:19:22.995,1162.995,28097,00:19:31.879,1171.879,213,00:00:08.884,8.884
86,28097,00:19:31.879,1171.879,28154,00:19:34.256,1174.256,57,00:00:02.377,2.377
87,28154,00:19:34.256,1174.256,28415,00:19:45.142,1185.142,261,00:00:10.886,10.886
88,28415,00:19:45.142,1185.142,28654,00:19:55.111,1195.111,239,00:00:09.968,9.968
89,28654,00:19:55.111,1195.111,28980,00:20:08.707,1208.707,326,00:00:13.597,13.597
90,28980,00:20:08.707,1208.707,29193,00:20:17.591,1217.591,213,00:00:08.884,8.884
91,29193,00:20:17.591,1217.591,29342,00:20:23.806,1223.806,149,00:00:06.215,6.215
92,29342,00:20:23.806,1223.806,29541,00:20:32.106,1232.106,199,00:00:08.300,8.300
93,29541,00:20:32.106,1232.106,29680,00:20:37.903,1237.903,139,00:00:05.797,5.797
94,29680,00:20:37.903,1237.903,29848,00:20:44.910,1244.910,168,00:00:07.007,7.007
95,29848,00:20:44.910,1244.910,29945,00:20:48.956,1248.956,97,00:00:04.046,4.046
96,29945,00:20:48.956,1248.956,30164,00:20:58.090,1258.090,219,00:00:09.134,9.134
97,30164,00:20:58.090,1258.090,30752,00:21:22.615,1282.615,588,00:00:24.524,24.524
98,30752,00:21:22.615,1282.615,30875,00:21:27.745,1287.745,123,00:00:05.130,5.130
99,30875,00:21:27.745,1287.745,31433,00:21:51.018,1311.018,558,00:00:23.273,23.273
100,31433,00:21:51.018,1311.018,31546,00:21:55.731,1315.731,113,00:00:04.713,4.713
101,31546,00:21:55.731,1315.731,31634,00:21:59.401,1319.401,88,00:00:03.670,3.670
102,31634,00:21:59.401,1319.401,31752,00:22:04.323,1324.323,118,00:00:04.922,4.922
103,31752,00:22:04.323,1324.323,32046,00:22:16.585,1336.585,294,00:00:12.262,12.262
104,32046,00:22:16.585,1336.585,32138,00:22:20.422,1340.422,92,00:00:03.837,3.837
105,32138,00:22:20.422,1340.422,32431,00:22:32.643,1352.643,293,00:00:12.221,12.221
106,32431,00:22:32.643,1352.643,32493,00:22:35.229,1355.229,62,00:00:02.586,2.586
107,32493,00:22:35.229,1355.229,32864,00:22:50.703,1370.703,371,00:00:15.474,15.474
108,32864,00:22:50.703,1370.703,33100,00:23:00.546,1380.546,236,00:00:09.843,9.843
109,33100,00:23:00.546,1380.546,33256,00:23:07.052,1387.052,156,00:00:06.506,6.506
110,33256,00:23:07.052,1387.052,33362,00:23:11.473,1391.473,106,00:00:04.421,4.421
111,33362,00:23:11.473,1391.473,33446,00:23:14.977,1394.977,84,00:00:03.503,3.503
112,33446,00:23:14.977,1394.977,33585,00:23:20.774,1400.774,139,00:00:05.797,5.797
113,33585,00:23:20.774,1400.774,34001,00:23:38.125,1418.125,416,00:00:17.351,17.351
114,34001,00:23:38.125,1418.125,34449,00:23:56.810,1436.810,448,00:00:18.685,18.685
115,34449,00:23:56.810,1436.810,34653,00:24:05.319,1445.319,204,00:00:08.508,8.508
116,34653,00:24:05.319,1445.319,34844,00:24:13.285,1453.285,191,00:00:07.966,7.966
117,34844,00:24:13.285,1453.285,35165,00:24:26.674,1466.674,321,00:00:13.388,13.388
118,35165,00:24:26.674,1466.674,35547,00:24:42.606,1482.606,382,00:00:15.933,15.933
119,35547,00:24:42.606,1482.606,35678,00:24:48.070,1488.070,131,00:00:05.464,5.464
120,35678,00:24:48.070,1488.070,35973,00:25:00.374,1500.374,295,00:00:12.304,12.304
121,35973,00:25:00.374,1500.374,36170,00:25:08.590,1508.590,197,00:00:08.217,8.217
122,36170,00:25:08.590,1508.590,36298,00:25:13.929,1513.929,128,00:00:05.339,5.339
123,36298,00:25:13.929,1513.929,38791,00:26:57.908,1617.908,2493,00:01:43.979,103.979
124,38791,00:26:57.908,1617.908,40790,00:28:21.283,1701.283,1999,00:01:23.375,83.375
125,40790,00:28:21.283,1701.283,41133,00:28:35.589,1715.589,343,00:00:14.306,14.306
126,41133,00:28:35.589,1715.589,41400,00:28:46.725,1726.725,267,00:00:11.136,11.136
127,41400,00:28:46.725,1726.725,42088,00:29:15.420,1755.420,688,00:00:28.695,28.695
128,42088,00:29:15.420,1755.420,42544,00:29:34.439,1774.439,456,00:00:19.019,19.019
129,42544,00:29:34.439,1774.439,43595,00:30:18.275,1818.275,1051,00:00:43.835,43.835
130,43595,00:30:18.275,1818.275,43712,00:30:23.155,1823.155,117,00:00:04.880,4.880
131,43712,00:30:23.155,1823.155,43928,00:30:32.164,1832.164,216,00:00:09.009,9.009
132,43928,00:30:32.164,1832.164,44260,00:30:46.011,1846.011,332,00:00:13.847,13.847
133,44260,00:30:46.011,1846.011,44710,00:31:04.780,1864.780,450,00:00:18.769,18.769
134,44710,00:31:04.780,1864.780,44790,00:31:08.116,1868.116,80,00:00:03.337,3.337
135,44790,00:31:08.116,1868.116,45281,00:31:28.595,1888.595,491,00:00:20.479,20.479
136,45281,00:31:28.595,1888.595,45518,00:31:38.480,1898.480,237,00:00:09.885,9.885
137,45518,00:31:38.480,1898.480,45682,00:31:45.320,1905.320,164,00:00:06.840,6.840
138,45682,00:31:45.320,1905.320,45745,00:31:47.948,1907.948,63,00:00:02.628,2.628
139,45745,00:31:47.948,1907.948,45972,00:31:57.415,1917.415,227,00:00:09.468,9.468
140,45972,00:31:57.415,1917.415,46054,00:32:00.836,1920.836,82,00:00:03.420,3.420
141,46054,00:32:00.836,1920.836,46388,00:32:14.766,1934.766,334,00:00:13.931,13.931
142,46388,00:32:14.766,1934.766,46470,00:32:18.186,1938.186,82,00:00:03.420,3.420
143,46470,00:32:18.186,1938.186,46485,00:32:18.812,1938.812,15,00:00:00.626,0.626
144,46485,00:32:18.812,1938.812,46950,00:32:38.206,1958.206,465,00:00:19.394,19.394
145,46950,00:32:38.206,1958.206,47071,00:32:43.253,1963.253,121,00:00:05.047,5.047
146,47071,00:32:43.253,1963.253,48017,00:33:22.709,2002.709,946,00:00:39.456,39.456
147,48017,00:33:22.709,2002.709,48174,00:33:29.257,2009.257,157,00:00:06.548,6.548
148,48174,00:33:29.257,2009.257,49763,00:34:35.532,2075.532,1589,00:01:06.275,66.275
149,49763,00:34:35.532,2075.532,49881,00:34:40.453,2080.453,118,00:00:04.922,4.922
150,49881,00:34:40.453,2080.453,50370,00:35:00.849,2100.849,489,00:00:20.395,20.395
151,50370,00:35:00.849,2100.849,50741,00:35:16.323,2116.323,371,00:00:15.474,15.474
152,50741,00:35:16.323,2116.323,50842,00:35:20.535,2120.535,101,00:00:04.213,4.213
153,50842,00:35:20.535,2120.535,51256,00:35:37.802,2137.802,414,00:00:17.267,17.267
154,51256,00:35:37.802,2137.802,51546,00:35:49.898,2149.898,290,00:00:12.095,12.095
155,51546,00:35:49.898,2149.898,51633,00:35:53.526,2153.526,87,00:00:03.629,3.629
156,51633,00:35:53.526,2153.526,51775,00:35:59.449,2159.449,142,00:00:05.923,5.923
157,51775,00:35:59.449,2159.449,51884,00:36:03.995,2163.995,109,00:00:04.546,4.546
158,51884,00:36:03.995,2163.995,52082,00:36:12.253,2172.253,198,00:00:08.258,8.258
159,52082,00:36:12.253,2172.253,52200,00:36:17.175,2177.175,118,00:00:04.922,4.922
160,52200,00:36:17.175,2177.175,52304,00:36:21.513,2181.513,104,00:00:04.338,4.338
161,52304,00:36:21.513,2181.513,52599,00:36:33.817,2193.817,295,00:00:12.304,12.304
162,52599,00:36:33.817,2193.817,52739,00:36:39.656,2199.656,140,00:00:05.839,5.839
163,52739,00:36:39.656,2199.656,53014,00:36:51.126,2211.126,275,00:00:11.470,11.470
164,53014,00:36:51.126,2211.126,53249,00:37:00.927,2220.927,235,00:00:09.801,9.801
165,53249,00:37:00.927,2220.927,54292,00:37:44.429,2264.429,1043,00:00:43.502,43.502
166,54292,00:37:44.429,2264.429,56094,00:38:59.587,2339.587,1802,00:01:15.158,75.158
167,56094,00:38:59.587,2339.587,56293,00:39:07.887,2347.887,199,00:00:08.300,8.300
168,56293,00:39:07.887,2347.887,56319,00:39:08.972,2348.972,26,00:00:01.084,1.084
169,56319,00:39:08.972,2348.972,56626,00:39:21.776,2361.776,307,00:00:12.804,12.804
170,56626,00:39:21.776,2361.776,57000,00:39:37.375,2377.375,374,00:00:15.599,15.599
171,57000,00:39:37.375,2377.375,57048,00:39:39.377,2379.377,48,00:00:02.002,2.002
172,57048,00:39:39.377,2379.377,57112,00:39:42.046,2382.046,64,00:00:02.669,2.669
173,57112,00:39:42.046,2382.046,57373,00:39:52.932,2392.932,261,00:00:10.886,10.886
174,57373,00:39:52.932,2392.932,57433,00:39:55.435,2395.435,60,00:00:02.502,2.502
175,57433,00:39:55.435,2395.435,57498,00:39:58.146,2398.146,65,00:00:02.711,2.711
176,57498,00:39:58.146,2398.146,57600,00:40:02.400,2402.400,102,00:00:04.254,4.254
177,57600,00:40:02.400,2402.400,57793,00:40:10.450,2410.450,193,00:00:08.050,8.050
178,57793,00:40:10.450,2410.450,57950,00:40:16.998,2416.998,157,00:00:06.548,6.548
179,57950,00:40:16.998,2416.998,58064,00:40:21.753,2421.753,114,00:00:04.755,4.755
180,58064,00:40:21.753,2421.753,58210,00:40:27.842,2427.842,146,00:00:06.089,6.089
181,58210,00:40:27.842,2427.842,58590,00:40:43.691,2443.691,380,00:00:15.849,15.849
182,58590,00:40:43.691,2443.691,58900,00:40:56.621,2456.621,310,00:00:12.930,12.930
183,58900,00:40:56.621,2456.621,59021,00:41:01.668,2461.668,121,00:00:05.047,5.047
184,59021,00:41:01.668,2461.668,59159,00:41:07.423,2467.423,138,00:00:05.756,5.756
185,59159,00:41:07.423,2467.423,59470,00:41:20.395,2480.395,311,00:00:12.971,12.971
186,59470,00:41:20.395,2480.395,59583,00:41:25.108,2485.108,113,00:00:04.713,4.713
187,59583,00:41:25.108,2485.108,59636,00:41:27.318,2487.318,53,00:00:02.211,2.211
188,59636,00:41:27.318,2487.318,59650,00:41:27.902,2487.902,14,00:00:00.584,0.584
189,59650,00:41:27.902,2487.902,59732,00:41:31.322,2491.322,82,00:00:03.420,3.420
190,59732,00:41:31.322,2491.322,59839,00:41:35.785,2495.785,107,00:00:04.463,4.463
191,59839,00:41:35.785,2495.785,60065,00:41:45.211,2505.211,226,00:00:09.426,9.426
192,60065,00:41:45.211,2505.211,60325,00:41:56.055,2516.055,260,00:00:10.844,10.844
193,60325,00:41:56.055,2516.055,60500,00:42:03.354,2523.354,175,00:00:07.299,7.299
194,60500,00:42:03.354,2523.354,60769,00:42:14.574,2534.574,269,00:00:11.220,11.220
195,60769,00:42:14.574,2534.574,61351,00:42:38.848,2558.848,582,00:00:24.274,24.274
196,61351,00:42:38.848,2558.848,61503,00:42:45.188,2565.188,152,00:00:06.340,6.340
197,61503,00:42:45.188,2565.188,61844,00:42:59.410,2579.410,341,00:00:14.223,14.223
198,61844,00:42:59.410,2579.410,62088,00:43:09.587,2589.587,244,00:00:10.177,10.177
199,62088,00:43:09.587,2589.587,62181,00:43:13.466,2593.466,93,00:00:03.879,3.879
200,62181,00:43:13.466,2593.466,62343,00:43:20.223,2600.223,162,00:00:06.757,6.757
201,62343,00:43:20.223,2600.223,62397,00:43:22.475,2602.475,54,00:00:02.252,2.252
202,62397,00:43:22.475,2602.475,62674,00:43:34.028,2614.028,277,00:00:11.553,11.553
203,62674,00:43:34.028,2614.028,62796,00:43:39.116,2619.116,122,00:00:05.088,5.088
204,62796,00:43:39.116,2619.116,63236,00:43:57.468,2637.468,440,00:00:18.352,18.352
205,63236,00:43:57.468,2637.468,63511,00:44:08.938,2648.938,275,00:00:11.470,11.470
206,63511,00:44:08.938,2648.938,63634,00:44:14.068,2654.068,123,00:00:05.130,5.130
207,63634,00:44:14.068,2654.068,63795,00:44:20.783,2660.783,161,00:00:06.715,6.715
208,63795,00:44:20.783,2660.783,64033,00:44:30.710,2670.710,238,00:00:09.927,9.927
209,64033,00:44:30.710,2670.710,64253,00:44:39.886,2679.886,220,00:00:09.176,9.176
210,64253,00:44:39.886,2679.886,64588,00:44:53.858,2693.858,335,00:00:13.972,13.972
211,64588,00:44:53.858,2693.858,64970,00:45:09.790,2709.790,382,00:00:15.933,15.933
212,64970,00:45:09.790,2709.790,65213,00:45:19.926,2719.926,243,00:00:10.135,10.135
213,65213,00:45:19.926,2719.926,65428,00:45:28.893,2728.893,215,00:00:08.967,8.967
214,65428,00:45:28.893,2728.893,65588,00:45:35.566,2735.566,160,00:00:06.673,6.673
215,65588,00:45:35.566,2735.566,65705,00:45:40.446,2740.446,117,00:00:04.880,4.880
216,65705,00:45:40.446,2740.446,65783,00:45:43.699,2743.699,78,00:00:03.253,3.253
217,65783,00:45:43.699,2743.699,65952,00:45:50.748,2750.748,169,00:00:07.049,7.049
218,65952,00:45:50.748,2750.748,66094,00:45:56.671,2756.671,142,00:00:05.923,5.923
219,66094,00:45:56.671,2756.671,66269,00:46:03.970,2763.970,175,00:00:07.299,7.299
220,66269,00:46:03.970,2763.970,66689,00:46:21.487,2781.487,420,00:00:17.517,17.517
221,66689,00:46:21.487,2781.487,66932,00:46:31.622,2791.622,243,00:00:10.135,10.135
222,66932,00:46:31.622,2791.622,67207,00:46:43.092,2803.092,275,00:00:11.470,11.470
223,67207,00:46:43.092,2803.092,67289,00:46:46.512,2806.512,82,00:00:03.420,3.420
224,67289,00:46:46.512,2806.512,67565,00:46:58.024,2818.024,276,00:00:11.511,11.511
225,67565,00:46:58.024,2818.024,67876,00:47:10.995,2830.995,311,00:00:12.971,12.971
226,67876,00:47:10.995,2830.995,68387,00:47:32.308,2852.308,511,00:00:21.313,21.313
227,68387,00:47:32.308,2852.308,68518,00:47:37.772,2857.772,131,00:00:05.464,5.464
228,68518,00:47:37.772,2857.772,68666,00:47:43.944,2863.944,148,00:00:06.173,6.173
229,68666,00:47:43.944,2863.944,69374,00:48:13.474,2893.474,708,00:00:29.529,29.529
230,69374,00:48:13.474,2893.474,69570,00:48:21.649,2901.649,196,00:00:08.175,8.175
231,69570,00:48:21.649,2901.649,69841,00:48:32.952,2912.952,271,00:00:11.303,11.303
232,69841,00:48:32.952,2912.952,70041,00:48:41.293,2921.293,200,00:00:08.342,8.342
233,70041,00:48:41.293,2921.293,70167,00:48:46.549,2926.549,126,00:00:05.255,5.255
234,70167,00:48:46.549,2926.549,70302,00:48:52.179,2932.179,135,00:00:05.631,5.631
235,70302,00:48:52.179,2932.179,70511,00:49:00.896,2940.896,209,00:00:08.717,8.717
236,70511,00:49:00.896,2940.896,70766,00:49:11.532,2951.532,255,00:00:10.636,10.636
237,70766,00:49:11.532,2951.532,71128,00:49:26.630,2966.630,362,00:00:15.098,15.098
238,71128,00:49:26.630,2966.630,71285,00:49:33.179,2973.179,157,00:00:06.548,6.548
239,71285,00:49:33.179,2973.179,71640,00:49:47.985,2987.985,355,00:00:14.806,14.806
240,71640,00:49:47.985,2987.985,71825,00:49:55.701,2995.701,185,00:00:07.716,7.716
241,71825,00:49:55.701,2995.701,71948,00:50:00.831,3000.831,123,00:00:05.130,5.130
242,71948,00:50:00.831,3000.831,72268,00:50:14.178,3014.178,320,00:00:13.347,13.347
243,72268,00:50:14.178,3014.178,72407,00:50:19.975,3019.975,139,00:00:05.797,5.797
244,72407,00:50:19.975,3019.975,73031,00:50:46.001,3046.001,624,00:00:26.026,26.026
245,73031,00:50:46.001,3046.001,73156,00:50:51.215,3051.215,125,00:00:05.214,5.214
246,73156,00:50:51.215,3051.215,73245,00:50:54.927,3054.927,89,00:00:03.712,3.712
247,73245,00:50:54.927,3054.927,73824,00:51:19.076,3079.076,579,00:00:24.149,24.149
248,73824,00:51:19.076,3079.076,74805,00:51:59.992,3119.992,981,00:00:40.916,40.916
249,74805,00:51:59.992,3119.992,75192,00:52:16.133,3136.133,387,00:00:16.141,16.141
250,75192,00:52:16.133,3136.133,75603,00:52:33.275,3153.275,411,00:00:17.142,17.142
251,75603,00:52:33.275,3153.275,75989,00:52:49.375,3169.375,386,00:00:16.099,16.099
252,75989,00:52:49.375,3169.375,76181,00:52:57.383,3177.383,192,00:00:08.008,8.008
253,76181,00:52:57.383,3177.383,76338,00:53:03.931,3183.931,157,00:00:06.548,6.548
254,76338,00:53:03.931,3183.931,76528,00:53:11.855,3191.855,190,00:00:07.925,7.925
255,76528,00:53:11.855,3191.855,76689,00:53:18.570,3198.570,161,00:00:06.715,6.715
256,76689,00:53:18.570,3198.570,76788,00:53:22.699,3202.699,99,00:00:04.129,4.129
257,76788,00:53:22.699,3202.699,77011,00:53:32.000,3212.000,223,00:00:09.301,9.301
258,77011,00:53:32.000,3212.000,77220,00:53:40.717,3220.717,209,00:00:08.717,8.717
259,77220,00:53:40.717,3220.717,77417,00:53:48.934,3228.934,197,00:00:08.217,8.217
260,77417,00:53:48.934,3228.934,77514,00:53:52.980,3232.980,97,00:00:04.046,4.046
261,77514,00:53:52.980,3232.980,77805,00:54:05.117,3245.117,291,00:00:12.137,12.137
262,77805,00:54:05.117,3245.117,77947,00:54:11.039,3251.039,142,00:00:05.923,5.923
263,77947,00:54:11.039,3251.039,78510,00:54:34.521,3274.521,563,00:00:23.482,23.482
264,78510,00:54:34.521,3274.521,79057,00:54:57.336,3297.336,547,00:00:22.814,22.814
265,79057,00:54:57.336,3297.336,79591,00:55:19.608,3319.608,534,00:00:22.272,22.272
266,79591,00:55:19.608,3319.608,79952,00:55:34.665,3334.665,361,00:00:15.057,15.057
267,79952,00:55:34.665,3334.665,80352,00:55:51.348,3351.348,400,00:00:16.683,16.683
268,80352,00:55:51.348,3351.348,80448,00:55:55.352,3355.352,96,00:00:04.004,4.004
269,80448,00:55:55.352,3355.352,80541,00:55:59.231,3359.231,93,00:00:03.879,3.879
270,80541,00:55:59.231,3359.231,81042,00:56:20.127,3380.127,501,00:00:20.896,20.896
271,81042,00:56:20.127,3380.127,81144,00:56:24.381,3384.381,102,00:00:04.254,4.254
272,81144,00:56:24.381,3384.381,81259,00:56:29.177,3389.177,115,00:00:04.796,4.796
273,81259,00:56:29.177,3389.177,81366,00:56:33.640,3393.640,107,00:00:04.463,4.463
274,81366,00:56:33.640,3393.640,81487,00:56:38.687,3398.687,121,00:00:05.047,5.047
275,81487,00:56:38.687,3398.687,81645,00:56:45.277,3405.277,158,00:00:06.590,6.590
276,81645,00:56:45.277,3405.277,82063,00:57:02.711,3422.711,418,00:00:17.434,17.434
277,82063,00:57:02.711,3422.711,82159,00:57:06.715,3426.715,96,00:00:04.004,4.004
278,82159,00:57:06.715,3426.715,82401,00:57:16.808,3436.808,242,00:00:10.093,10.093
279,82401,00:57:16.808,3436.808,82725,00:57:30.322,3450.322,324,00:00:13.513,13.513
280,82725,00:57:30.322,3450.322,82900,00:57:37.621,3457.621,175,00:00:07.299,7.299
281,82900,00:57:37.621,3457.621,83426,00:57:59.559,3479.559,526,00:00:21.939,21.939
282,83426,00:57:59.559,3479.559,83534,00:58:04.064,3484.064,108,00:00:04.504,4.504
283,83534,00:58:04.064,3484.064,84914,00:59:01.621,3541.621,1380,00:00:57.557,57.557
284,84914,00:59:01.621,3541.621,84996,00:59:05.041,3545.041,82,00:00:03.420,3.420
285,84996,00:59:05.041,3545.041,85154,00:59:11.631,3551.631,158,00:00:06.590,6.590
286,85154,00:59:11.631,3551.631,85313,00:59:18.263,3558.263,159,00:00:06.632,6.632
287,85313,00:59:18.263,3558.263,86203,00:59:55.383,3595.383,890,00:00:37.120,37.120
288,86203,00:59:55.383,3595.383,86309,00:59:59.805,3599.805,106,00:00:04.421,4.421
289,86309,00:59:59.805,3599.805,86535,01:00:09.231,3609.231,226,00:00:09.426,9.426
290,86535,01:00:09.231,3609.231,86638,01:00:13.527,3613.527,103,00:00:04.296,4.296
291,86638,01:00:13.527,3613.527,87489,01:00:49.020,3649.020,851,00:00:35.494,35.494
292,87489,01:00:49.020,3649.020,87616,01:00:54.317,3654.317,127,00:00:05.297,5.297
293,87616,01:00:54.317,3654.317,88655,01:01:37.652,3697.652,1039,00:00:43.335,43.335
294,88655,01:01:37.652,3697.652,88907,01:01:48.163,3708.163,252,00:00:10.510,10.510
295,88907,01:01:48.163,3708.163,89719,01:02:22.030,3742.030,812,00:00:33.867,33.867
296,89719,01:02:22.030,3742.030,89831,01:02:26.701,3746.701,112,00:00:04.671,4.671
297,89831,01:02:26.701,3746.701,90176,01:02:41.091,3761.091,345,00:00:14.389,14.389
298,90176,01:02:41.091,3761.091,90798,01:03:07.033,3787.033,622,00:00:25.943,25.943
299,90798,01:03:07.033,3787.033,91002,01:03:15.542,3795.542,204,00:00:08.508,8.508
300,91002,01:03:15.542,3795.542,91106,01:03:19.879,3799.879,104,00:00:04.338,4.338
301,91106,01:03:19.879,3799.879,91456,01:03:34.477,3814.477,350,00:00:14.598,14.598
302,91456,01:03:34.477,3814.477,91813,01:03:49.367,3829.367,357,00:00:14.890,14.890
303,91813,01:03:49.367,3829.367,91945,01:03:54.873,3834.873,132,00:00:05.505,5.505
304,91945,01:03:54.873,3834.873,92108,01:04:01.671,3841.671,163,00:00:06.798,6.798
305,92108,01:04:01.671,3841.671,92248,01:04:07.510,3847.510,140,00:00:05.839,5.839
306,92248,01:04:07.510,3847.510,92289,01:04:09.220,3849.220,41,00:00:01.710,1.710
307,92289,01:04:09.220,3849.220,92354,01:04:11.931,3851.931,65,00:00:02.711,2.711
308,92354,01:04:11.931,3851.931,92421,01:04:14.726,3854.726,67,00:00:02.794,2.794
309,92421,01:04:14.726,3854.726,92507,01:04:18.313,3858.313,86,00:00:03.587,3.587
310,92507,01:04:18.313,3858.313,92592,01:04:21.858,3861.858,85,00:00:03.545,3.545
311,92592,01:04:21.858,3861.858,92791,01:04:30.158,3870.158,199,00:00:08.300,8.300
312,92791,01:04:30.158,3870.158,93008,01:04:39.209,3879.209,217,00:00:09.051,9.051
313,93008,01:04:39.209,3879.209,93069,01:04:41.753,3881.753,61,00:00:02.544,2.544
314,93069,01:04:41.753,3881.753,93137,01:04:44.589,3884.589,68,00:00:02.836,2.836
315,93137,01:04:44.589,3884.589,93202,01:04:47.300,3887.300,65,00:00:02.711,2.711
316,93202,01:04:47.300,3887.300,93292,01:04:51.054,3891.054,90,00:00:03.754,3.754
317,93292,01:04:51.054,3891.054,93349,01:04:53.431,3893.431,57,00:00:02.377,2.377
318,93349,01:04:53.431,3893.431,93401,01:04:55.600,3895.600,52,00:00:02.169,2.169
319,93401,01:04:55.600,3895.600,93474,01:04:58.645,3898.645,73,00:00:03.045,3.045
320,93474,01:04:58.645,3898.645,93545,01:05:01.606,3901.606,71,00:00:02.961,2.961
321,93545,01:05:01.606,3901.606,93605,01:05:04.109,3904.109,60,00:00:02.502,2.502
322,93605,01:05:04.109,3904.109,93792,01:05:11.908,3911.908,187,00:00:07.799,7.799
323,93792,01:05:11.908,3911.908,94147,01:05:26.714,3926.714,355,00:00:14.806,14.806
324,94147,01:05:26.714,3926.714,94330,01:05:34.347,3934.347,183,00:00:07.633,7.633
325,94330,01:05:34.347,3934.347,94787,01:05:53.408,3953.408,457,00:00:19.061,19.061
326,94787,01:05:53.408,3953.408,95257,01:06:13.011,3973.011,470,00:00:19.603,19.603
327,95257,01:06:13.011,3973.011,95305,01:06:15.013,3975.013,48,00:00:02.002,2.002
328,95305,01:06:15.013,3975.013,95410,01:06:19.392,3979.392,105,00:00:04.379,4.379
329,95410,01:06:19.392,3979.392,95837,01:06:37.202,3997.202,427,00:00:17.809,17.809
330,95837,01:06:37.202,3997.202,96336,01:06:58.014,4018.014,499,00:00:20.812,20.812
331,96336,01:06:58.014,4018.014,96417,01:07:01.392,4021.392,81,00:00:03.378,3.378
332,96417,01:07:01.392,4021.392,96602,01:07:09.108,4029.108,185,00:00:07.716,7.716
333,96602,01:07:09.108,4029.108,96684,01:07:12.528,4032.528,82,00:00:03.420,3.420
334,96684,01:07:12.528,4032.528,96937,01:07:23.081,4043.081,253,00:00:10.552,10.552
335,96937,01:07:23.081,4043.081,96999,01:07:25.667,4045.667,62,00:00:02.586,2.586
336,96999,01:07:25.667,4045.667,97075,01:07:28.836,4048.836,76,00:00:03.170,3.170
337,97075,01:07:28.836,4048.836,97157,01:07:32.257,4052.257,82,00:00:03.420,3.420
338,97157,01:07:32.257,4052.257,97231,01:07:35.343,4055.343,74,00:00:03.086,3.086
339,97231,01:07:35.343,4055.343,97399,01:07:42.350,4062.350,168,00:00:07.007,7.007
340,97399,01:07:42.350,4062.350,97563,01:07:49.190,4069.190,164,00:00:06.840,6.840
341,97563,01:07:49.190,4069.190,99253,01:08:59.677,4139.677,1690,00:01:10.487,70.487
342,99253,01:08:59.677,4139.677,99643,01:09:15.943,4155.943,390,00:00:16.266,16.266
343,99643,01:09:15.943,4155.943,99694,01:09:18.071,4158.071,51,00:00:02.127,2.127
344,99694,01:09:18.071,4158.071,99738,01:09:19.906,4159.906,44,00:00:01.835,1.835
345,99738,01:09:19.906,4159.906,99779,01:09:21.616,4161.616,41,00:00:01.710,1.710
346,99779,01:09:21.616,4161.616,99825,01:09:23.534,4163.534,46,00:00:01.919,1.919
347,99825,01:09:23.534,4163.534,99874,01:09:25.578,4165.578,49,00:00:02.044,2.044
348,99874,01:09:25.578,4165.578,99918,01:09:27.413,4167.413,44,00:00:01.835,1.835
349,99918,01:09:27.413,4167.413,99960,01:09:29.165,4169.165,42,00:00:01.752,1.752
350,99960,01:09:29.165,4169.165,100023,01:09:31.793,4171.793,63,00:00:02.628,2.628
351,100023,01:09:31.793,4171.793,100095,01:09:34.796,4174.796,72,00:00:03.003,3.003
352,100095,01:09:34.796,4174.796,100196,01:09:39.008,4179.008,101,00:00:04.213,4.213
353,100196,01:09:39.008,4179.008,100486,01:09:51.104,4191.104,290,00:00:12.095,12.095
354,100486,01:09:51.104,4191.104,100573,01:09:54.732,4194.732,87,00:00:03.629,3.629
355,100573,01:09:54.732,4194.732,100696,01:09:59.862,4199.862,123,00:00:05.130,5.130
356,100696,01:09:59.862,4199.862,100751,01:10:02.156,4202.156,55,00:00:02.294,2.294
357,100751,01:10:02.156,4202.156,100915,01:10:08.996,4208.996,164,00:00:06.840,6.840
358,100915,01:10:08.996,4208.996,101222,01:10:21.801,4221.801,307,00:00:12.804,12.804
359,101222,01:10:21.801,4221.801,101535,01:10:34.856,4234.856,313,00:00:13.055,13.055
360,101535,01:10:34.856,4234.856,101575,01:10:36.524,4236.524,40,00:00:01.668,1.668
361,101575,01:10:36.524,4236.524,101731,01:10:43.030,4243.030,156,00:00:06.506,6.506
362,101731,01:10:43.030,4243.030,102800,01:11:27.617,4287.617,1069,00:00:44.586,44.586
363,102800,01:11:27.617,4287.617,103627,01:12:02.109,4322.109,827,00:00:34.493,34.493
364,103627,01:12:02.109,4322.109,103741,01:12:06.864,4326.864,114,00:00:04.755,4.755
365,103741,01:12:06.864,4326.864,104123,01:12:22.797,4342.797,382,00:00:15.933,15.933
366,104123,01:12:22.797,4342.797,104151,01:12:23.965,4343.965,28,00:00:01.168,1.168
367,104151,01:12:23.965,4343.965,104235,01:12:27.468,4347.468,84,00:00:03.503,3.503
368,104235,01:12:27.468,4347.468,104325,01:12:31.222,4351.222,90,00:00:03.754,3.754
369,104325,01:12:31.222,4351.222,104507,01:12:38.813,4358.813,182,00:00:07.591,7.591
370,104507,01:12:38.813,4358.813,105541,01:13:21.939,4401.939,1034,00:00:43.126,43.126
371,105541,01:13:21.939,4401.939,105685,01:13:27.945,4407.945,144,00:00:06.006,6.006
372,105685,01:13:27.945,4407.945,105933,01:13:38.289,4418.289,248,00:00:10.344,10.344
373,105933,01:13:38.289,4418.289,106133,01:13:46.631,4426.631,200,00:00:08.342,8.342
374,106133,01:13:46.631,4426.631,106223,01:13:50.384,4430.384,90,00:00:03.754,3.754
375,106223,01:13:50.384,4430.384,106391,01:13:57.391,4437.391,168,00:00:07.007,7.007
376,106391,01:13:57.391,4437.391,106833,01:14:15.826,4455.826,442,00:00:18.435,18.435
377,106833,01:14:15.826,4455.826,106938,01:14:20.206,4460.206,105,00:00:04.379,4.379
378,106938,01:14:20.206,4460.206,107059,01:14:25.252,4465.252,121,00:00:05.047,5.047
379,107059,01:14:25.252,4465.252,107211,01:14:31.592,4471.592,152,00:00:06.340,6.340
380,107211,01:14:31.592,4471.592,107263,01:14:33.761,4473.761,52,00:00:02.169,2.169
381,107263,01:14:33.761,4473.761,107319,01:14:36.097,4476.097,56,00:00:02.336,2.336
382,107319,01:14:36.097,4476.097,107424,01:14:40.476,4480.476,105,00:00:04.379,4.379
383,107424,01:14:40.476,4480.476,107775,01:14:55.116,4495.116,351,00:00:14.640,14.640
384,107775,01:14:55.116,4495.116,108522,01:15:26.272,4526.272,747,00:00:31.156,31.156
385,108522,01:15:26.272,4526.272,108896,01:15:41.871,4541.871,374,00:00:15.599,15.599
386,108896,01:15:41.871,4541.871,109218,01:15:55.301,4555.301,322,00:00:13.430,13.430
387,109218,01:15:55.301,4555.301,109566,01:16:09.815,4569.815,348,00:00:14.514,14.514
388,109566,01:16:09.815,4569.815,109792,01:16:19.241,4579.241,226,00:00:09.426,9.426
389,109792,01:16:19.241,4579.241,109887,01:16:23.204,4583.204,95,00:00:03.962,3.962
390,109887,01:16:23.204,4583.204,110058,01:16:30.336,4590.336,171,00:00:07.132,7.132
391,110058,01:16:30.336,4590.336,110326,01:16:41.514,4601.514,268,00:00:11.178,11.178
392,110326,01:16:41.514,4601.514,110699,01:16:57.071,4617.071,373,00:00:15.557,15.557
393,110699,01:16:57.071,4617.071,110790,01:17:00.866,4620.866,91,00:00:03.795,3.795
394,110790,01:17:00.866,4620.866,111018,01:17:10.376,4630.376,228,00:00:09.509,9.509
395,111018,01:17:10.376,4630.376,111195,01:17:17.758,4637.758,177,00:00:07.382,7.382
396,111195,01:17:17.758,4637.758,111319,01:17:22.930,4642.930,124,00:00:05.172,5.172
397,111319,01:17:22.930,4642.930,111468,01:17:29.144,4649.144,149,00:00:06.215,6.215
398,111468,01:17:29.144,4649.144,111716,01:17:39.488,4659.488,248,00:00:10.344,10.344
399,111716,01:17:39.488,4659.488,111796,01:17:42.825,4662.825,80,00:00:03.337,3.337
400,111796,01:17:42.825,4662.825,111928,01:17:48.330,4668.330,132,00:00:05.505,5.505
401,111928,01:17:48.330,4668.330,111998,01:17:51.250,4671.250,70,00:00:02.920,2.920
402,111998,01:17:51.250,4671.250,112123,01:17:56.463,4676.463,125,00:00:05.214,5.214
403,112123,01:17:56.463,4676.463,112575,01:18:15.316,4695.316,452,00:00:18.852,18.852
404,112575,01:18:15.316,4695.316,112704,01:18:20.696,4700.696,129,00:00:05.380,5.380
405,112704,01:18:20.696,4700.696,113060,01:18:35.544,4715.544,356,00:00:14.848,14.848
406,113060,01:18:35.544,4715.544,113126,01:18:38.297,4718.297,66,00:00:02.753,2.753
407,113126,01:18:38.297,4718.297,113195,01:18:41.175,4721.175,69,00:00:02.878,2.878
408,113195,01:18:41.175,4721.175,113447,01:18:51.685,4731.685,252,00:00:10.510,10.510
409,113447,01:18:51.685,4731.685,114320,01:19:28.097,4768.097,873,00:00:36.411,36.411
410,114320,01:19:28.097,4768.097,114495,01:19:35.396,4775.396,175,00:00:07.299,7.299
411,114495,01:19:35.396,4775.396,114659,01:19:42.236,4782.236,164,00:00:06.840,6.840
412,114659,01:19:42.236,4782.236,114795,01:19:47.908,4787.908,136,00:00:05.672,5.672
413,114795,01:19:47.908,4787.908,115417,01:20:13.851,4813.851,622,00:00:25.943,25.943
414,115417,01:20:13.851,4813.851,115483,01:20:16.603,4816.603,66,00:00:02.753,2.753
415,115483,01:20:16.603,4816.603,115770,01:20:28.574,4828.574,287,00:00:11.970,11.970
416,115770,01:20:28.574,4828.574,115838,01:20:31.410,4831.410,68,00:00:02.836,2.836
417,115838,01:20:31.410,4831.410,116337,01:20:52.222,4852.222,499,00:00:20.812,20.812
418,116337,01:20:52.222,4852.222,117377,01:21:35.599,4895.599,1040,00:00:43.377,43.377
419,117377,01:21:35.599,4895.599,117503,01:21:40.854,4900.854,126,00:00:05.255,5.255
420,117503,01:21:40.854,4900.854,117579,01:21:44.024,4904.024,76,00:00:03.170,3.170
421,117579,01:21:44.024,4904.024,117703,01:21:49.196,4909.196,124,00:00:05.172,5.172
422,117703,01:21:49.196,4909.196,117879,01:21:56.537,4916.537,176,00:00:07.341,7.341
423,117879,01:21:56.537,4916.537,117957,01:21:59.790,4919.790,78,00:00:03.253,3.253
424,117957,01:21:59.790,4919.790,118039,01:22:03.210,4923.210,82,00:00:03.420,3.420
425,118039,01:22:03.210,4923.210,118168,01:22:08.590,4928.590,129,00:00:05.380,5.380
426,118168,01:22:08.590,4928.590,118246,01:22:11.844,4931.844,78,00:00:03.253,3.253
427,118246,01:22:11.844,4931.844,118350,01:22:16.181,4936.181,104,00:00:04.338,4.338
428,118350,01:22:16.181,4936.181,118721,01:22:31.655,4951.655,371,00:00:15.474,15.474
429,118721,01:22:31.655,4951.655,118863,01:22:37.578,4957.578,142,00:00:05.923,5.923
430,118863,01:22:37.578,4957.578,119542,01:23:05.898,4985.898,679,00:00:28.320,28.320
431,119542,01:23:05.898,4985.898,119728,01:23:13.655,4993.655,186,00:00:07.758,7.758
432,119728,01:23:13.655,4993.655,120273,01:23:36.386,5016.386,545,00:00:22.731,22.731
433,120273,01:23:36.386,5016.386,121297,01:24:19.096,5059.096,1024,00:00:42.709,42.709
434,121297,01:24:19.096,5059.096,121423,01:24:24.351,5064.351,126,00:00:05.255,5.255
435,121423,01:24:24.351,5064.351,121493,01:24:27.271,5067.271,70,00:00:02.920,2.920
436,121493,01:24:27.271,5067.271,121532,01:24:28.897,5068.897,39,00:00:01.627,1.627
437,121532,01:24:28.897,5068.897,121663,01:24:34.361,5074.361,131,00:00:05.464,5.464
438,121663,01:24:34.361,5074.361,122111,01:24:53.046,5093.046,448,00:00:18.685,18.685
439,122111,01:24:53.046,5093.046,122198,01:24:56.675,5096.675,87,00:00:03.629,3.629
440,122198,01:24:56.675,5096.675,122442,01:25:06.852,5106.852,244,00:00:10.177,10.177
441,122442,01:25:06.852,5106.852,122529,01:25:10.480,5110.480,87,00:00:03.629,3.629
442,122529,01:25:10.480,5110.480,124123,01:26:16.963,5176.963,1594,00:01:06.483,66.483
443,124123,01:26:16.963,5176.963,124263,01:26:22.803,5182.803,140,00:00:05.839,5.839
444,124263,01:26:22.803,5182.803,124894,01:26:49.121,5209.121,631,00:00:26.318,26.318
445,124894,01:26:49.121,5209.121,125072,01:26:56.545,5216.545,178,00:00:07.424,7.424
446,125072,01:26:56.545,5216.545,125174,01:27:00.799,5220.799,102,00:00:04.254,4.254
447,125174,01:27:00.799,5220.799,125646,01:27:20.485,5240.485,472,00:00:19.686,19.686
448,125646,01:27:20.485,5240.485,126366,01:27:50.515,5270.515,720,00:00:30.030,30.030
449,126366,01:27:50.515,5270.515,126505,01:27:56.313,5276.313,139,00:00:05.797,5.797
450,126505,01:27:56.313,5276.313,126563,01:27:58.732,5278.732,58,00:00:02.419,2.419
451,126563,01:27:58.732,5278.732,126622,01:28:01.193,5281.193,59,00:00:02.461,2.461
452,126622,01:28:01.193,5281.193,126981,01:28:16.166,5296.166,359,00:00:14.973,14.973
453,126981,01:28:16.166,5296.166,127142,01:28:22.881,5302.881,161,00:00:06.715,6.715
454,127142,01:28:22.881,5302.881,127263,01:28:27.928,5307.928,121,00:00:05.047,5.047
455,127263,01:28:27.928,5307.928,127632,01:28:43.318,5323.318,369,00:00:15.390,15.390
456,127632,01:28:43.318,5323.318,127704,01:28:46.321,5326.321,72,00:00:03.003,3.003
457,127704,01:28:46.321,5326.321,127800,01:28:50.325,5330.325,96,00:00:04.004,4.004
458,127800,01:28:50.325,5330.325,128007,01:28:58.959,5338.959,207,00:00:08.634,8.634
459,128007,01:28:58.959,5338.959,128096,01:29:02.671,5342.671,89,00:00:03.712,3.712
460,128096,01:29:02.671,5342.671,129094,01:29:44.296,5384.296,998,00:00:41.625,41.625
461,129094,01:29:44.296,5384.296,129347,01:29:54.848,5394.848,253,00:00:10.552,10.552
462,129347,01:29:54.848,5394.848,129683,01:30:08.862,5408.862,336,00:00:14.014,14.014
463,129683,01:30:08.862,5408.862,130438,01:30:40.352,5440.352,755,00:00:31.490,31.490
464,130438,01:30:40.352,5440.352,131079,01:31:07.087,5467.087,641,00:00:26.735,26.735
465,131079,01:31:07.087,5467.087,132207,01:31:54.134,5514.134,1128,00:00:47.047,47.047
466,132207,01:31:54.134,5514.134,132548,01:32:08.356,5528.356,341,00:00:14.223,14.223
467,132548,01:32:08.356,5528.356,132667,01:32:13.319,5533.319,119,00:00:04.963,4.963
468,132667,01:32:13.319,5533.319,132794,01:32:18.616,5538.616,127,00:00:05.297,5.297
469,132794,01:32:18.616,5538.616,132938,01:32:24.622,5544.622,144,00:00:06.006,6.006
470,132938,01:32:24.622,5544.622,133203,01:32:35.675,5555.675,265,00:00:11.053,11.053
471,133203,01:32:35.675,5555.675,133492,01:32:47.729,5567.729,289,00:00:12.054,12.054
472,133492,01:32:47.729,5567.729,135623,01:34:16.609,5656.609,2131,00:01:28.880,88.880
473,135623,01:34:16.609,5656.609,135984,01:34:31.666,5671.666,361,00:00:15.057,15.057
474,135984,01:34:31.666,5671.666,136133,01:34:37.881,5677.881,149,00:00:06.215,6.215
475,136133,01:34:37.881,5677.881,136400,01:34:49.017,5689.017,267,00:00:11.136,11.136
476,136400,01:34:49.017,5689.017,136710,01:35:01.946,5701.946,310,00:00:12.930,12.930
477,136710,01:35:01.946,5701.946,137148,01:35:20.215,5720.215,438,00:00:18.268,18.268
478,137148,01:35:20.215,5720.215,137322,01:35:27.472,5727.472,174,00:00:07.257,7.257
479,137322,01:35:27.472,5727.472,137472,01:35:33.728,5733.728,150,00:00:06.256,6.256
480,137472,01:35:33.728,5733.728,138048,01:35:57.752,5757.752,576,00:00:24.024,24.024
481,138048,01:35:57.752,5757.752,138187,01:36:03.549,5763.549,139,00:00:05.797,5.797
482,138187,01:36:03.549,5763.549,138314,01:36:08.846,5768.846,127,00:00:05.297,5.297
483,138314,01:36:08.846,5768.846,138354,01:36:10.515,5770.515,40,00:00:01.668,1.668
484,138354,01:36:10.515,5770.515,138440,01:36:14.102,5774.102,86,00:00:03.587,3.587
485,138440,01:36:14.102,5774.102,138673,01:36:23.820,5783.820,233,00:00:09.718,9.718
486,138673,01:36:23.820,5783.820,138874,01:36:32.203,5792.203,201,00:00:08.383,8.383
487,138874,01:36:32.203,5792.203,139116,01:36:42.296,5802.296,242,00:00:10.093,10.093
488,139116,01:36:42.296,5802.296,140044,01:37:21.002,5841.002,928,00:00:38.705,38.705
489,140044,01:37:21.002,5841.002,140398,01:37:35.767,5855.767,354,00:00:14.765,14.765
490,140398,01:37:35.767,5855.767,140491,01:37:39.645,5859.645,93,00:00:03.879,3.879
491,140491,01:37:39.645,5859.645,140573,01:37:43.066,5863.066,82,00:00:03.420,3.420
492,140573,01:37:43.066,5863.066,140649,01:37:46.235,5866.235,76,00:00:03.170,3.170
493,140649,01:37:46.235,5866.235,140787,01:37:51.991,5871.991,138,00:00:05.756,5.756
494,140787,01:37:51.991,5871.991,141413,01:38:18.101,5898.101,626,00:00:26.109,26.109
495,141413,01:38:18.101,5898.101,142015,01:38:43.209,5923.209,602,00:00:25.108,25.108
496,142015,01:38:43.209,5923.209,142071,01:38:45.545,5925.545,56,00:00:02.336,2.336
497,142071,01:38:45.545,5925.545,142154,01:38:49.006,5929.006,83,00:00:03.462,3.462
498,142154,01:38:49.006,5929.006,142409,01:38:59.642,5939.642,255,00:00:10.636,10.636
499,142409,01:38:59.642,5939.642,142496,01:39:03.271,5943.271,87,00:00:03.629,3.629
500,142496,01:39:03.271,5943.271,142848,01:39:17.952,5957.952,352,00:00:14.681,14.681
501,142848,01:39:17.952,5957.952,142914,01:39:20.705,5960.705,66,00:00:02.753,2.753
502,142914,01:39:20.705,5960.705,142985,01:39:23.666,5963.666,71,00:00:02.961,2.961
503,142985,01:39:23.666,5963.666,143264,01:39:35.303,5975.303,279,00:00:11.637,11.637
504,143264,01:39:35.303,5975.303,143381,01:39:40.183,5980.183,117,00:00:04.880,4.880
505,143381,01:39:40.183,5980.183,143524,01:39:46.147,5986.147,143,00:00:05.964,5.964
506,143524,01:39:46.147,5986.147,143646,01:39:51.235,5991.235,122,00:00:05.088,5.088
507,143646,01:39:51.235,5991.235,143721,01:39:54.363,5994.363,75,00:00:03.128,3.128
508,143721,01:39:54.363,5994.363,143786,01:39:57.074,5997.074,65,00:00:02.711,2.711
509,143786,01:39:57.074,5997.074,143932,01:40:03.164,6003.164,146,00:00:06.089,6.089
510,143932,01:40:03.164,6003.164,144023,01:40:06.959,6006.959,91,00:00:03.795,3.795
511,144023,01:40:06.959,6006.959,144301,01:40:18.554,6018.554,278,00:00:11.595,11.595
512,144301,01:40:18.554,6018.554,144418,01:40:23.434,6023.434,117,00:00:04.880,4.880
513,144418,01:40:23.434,6023.434,144544,01:40:28.689,6028.689,126,00:00:05.255,5.255
514,144544,01:40:28.689,6028.689,144666,01:40:33.778,6033.778,122,00:00:05.088,5.088
515,144666,01:40:33.778,6033.778,144939,01:40:45.164,6045.164,273,00:00:11.386,11.386
516,144939,01:40:45.164,6045.164,145371,01:41:03.182,6063.182,432,00:00:18.018,18.018
517,145371,01:41:03.182,6063.182,145530,01:41:09.814,6069.814,159,00:00:06.632,6.632
518,145530,01:41:09.814,6069.814,145825,01:41:22.118,6082.118,295,00:00:12.304,12.304
519,145825,01:41:22.118,6082.118,145956,01:41:27.581,6087.581,131,00:00:05.464,5.464
520,145956,01:41:27.581,6087.581,146028,01:41:30.584,6090.584,72,00:00:03.003,3.003
521,146028,01:41:30.584,6090.584,146162,01:41:36.173,6096.173,134,00:00:05.589,5.589
522,146162,01:41:36.173,6096.173,146388,01:41:45.599,6105.599,226,00:00:09.426,9.426
523,146388,01:41:45.599,6105.599,146563,01:41:52.898,6112.898,175,00:00:07.299,7.299
524,146563,01:41:52.898,6112.898,146799,01:42:02.742,6122.742,236,00:00:09.843,9.843
525,146799,01:42:02.742,6122.742,146932,01:42:08.289,6128.289,133,00:00:05.547,5.547
526,146932,01:42:08.289,6128.289,147119,01:42:16.088,6136.088,187,00:00:07.799,7.799
527,147119,01:42:16.088,6136.088,147243,01:42:21.260,6141.260,124,00:00:05.172,5.172
528,147243,01:42:21.260,6141.260,147922,01:42:49.580,6169.580,679,00:00:28.320,28.320
529,147922,01:42:49.580,6169.580,148222,01:43:02.093,6182.093,300,00:00:12.512,12.512
530,148222,01:43:02.093,6182.093,148415,01:43:10.142,6190.142,193,00:00:08.050,8.050
531,148415,01:43:10.142,6190.142,148663,01:43:20.486,6200.486,248,00:00:10.344,10.344
532,148663,01:43:20.486,6200.486,148775,01:43:25.157,6205.157,112,00:00:04.671,4.671
533,148775,01:43:25.157,6205.157,149256,01:43:45.219,6225.219,481,00:00:20.062,20.062
534,149256,01:43:45.219,6225.219,150756,01:44:47.781,6287.781,1500,00:01:02.562,62.562
535,150756,01:44:47.781,6287.781,150935,01:44:55.247,6295.247,179,00:00:07.466,7.466
536,150935,01:44:55.247,6295.247,151061,01:45:00.503,6300.503,126,00:00:05.255,5.255
537,151061,01:45:00.503,6300.503,151387,01:45:14.099,6314.099,326,00:00:13.597,13.597
538,151387,01:45:14.099,6314.099,151655,01:45:25.277,6325.277,268,00:00:11.178,11.178
539,151655,01:45:25.277,6325.277,152351,01:45:54.306,6354.306,696,00:00:29.029,29.029
540,152351,01:45:54.306,6354.306,152847,01:46:14.994,6374.994,496,00:00:20.687,20.687
541,152847,01:46:14.994,6374.994,153040,01:46:23.043,6383.043,193,00:00:08.050,8.050
542,153040,01:46:23.043,6383.043,154971,01:47:43.582,6463.582,1931,00:01:20.539,80.539
543,154971,01:47:43.582,6463.582,155198,01:47:53.050,6473.050,227,00:00:09.468,9.468
544,155198,01:47:53.050,6473.050,155291,01:47:56.929,6476.929,93,00:00:03.879,3.879
545,155291,01:47:56.929,6476.929,155691,01:48:13.612,6493.612,400,00:00:16.683,16.683
546,155691,01:48:13.612,6493.612,156545,01:48:49.231,6529.231,854,00:00:35.619,35.619
547,156545,01:48:49.231,6529.231,156823,01:49:00.826,6540.826,278,00:00:11.595,11.595
548,156823,01:49:00.826,6540.826,157151,01:49:14.506,6554.506,328,00:00:13.680,13.680
549,157151,01:49:14.506,6554.506,157272,01:49:19.553,6559.553,121,00:00:05.047,5.047
550,157272,01:49:19.553,6559.553,157454,01:49:27.144,6567.144,182,00:00:07.591,7.591
551,157454,01:49:27.144,6567.144,157573,01:49:32.107,6572.107,119,00:00:04.963,4.963
552,157573,01:49:32.107,6572.107,158226,01:49:59.343,6599.343,653,00:00:27.236,27.236
553,158226,01:49:59.343,6599.343,158584,01:50:14.274,6614.274,358,00:00:14.932,14.932
554,158584,01:50:14.274,6614.274,158805,01:50:23.492,6623.492,221,00:00:09.218,9.218
555,158805,01:50:23.492,6623.492,158883,01:50:26.745,6626.745,78,00:00:03.253,3.253
556,158883,01:50:26.745,6626.745,158961,01:50:29.998,6629.998,78,00:00:03.253,3.253
557,158961,01:50:29.998,6629.998,159650,01:50:58.735,6658.735,689,00:00:28.737,28.737
558,159650,01:50:58.735,6658.735,159874,01:51:08.078,6668.078,224,00:00:09.343,9.343
559,159874,01:51:08.078,6668.078,160054,01:51:15.586,6675.586,180,00:00:07.507,7.507
560,160054,01:51:15.586,6675.586,160205,01:51:21.884,6681.884,151,00:00:06.298,6.298
561,160205,01:51:21.884,6681.884,160344,01:51:27.681,6687.681,139,00:00:05.797,5.797
562,160344,01:51:27.681,6687.681,160598,01:51:38.275,6698.275,254,00:00:10.594,10.594
563,160598,01:51:38.275,6698.275,161380,01:52:10.891,6730.891,782,00:00:32.616,32.616
564,161380,01:52:10.891,6730.891,161452,01:52:13.894,6733.894,72,00:00:03.003,3.003
565,161452,01:52:13.894,6733.894,161656,01:52:22.402,6742.402,204,00:00:08.508,8.508
566,161656,01:52:22.402,6742.402,161872,01:52:31.411,6751.411,216,00:00:09.009,9.009
567,161872,01:52:31.411,6751.411,162235,01:52:46.551,6766.551,363,00:00:15.140,15.140
568,162235,01:52:46.551,6766.551,163595,01:53:43.275,6823.275,1360,00:00:56.723,56.723
569,163595,01:53:43.275,6823.275,163839,01:53:53.452,6833.452,244,00:00:10.177,10.177
570,163839,01:53:53.452,6833.452,164302,01:54:12.763,6852.763,463,00:00:19.311,19.311
571,164302,01:54:12.763,6852.763,164527,01:54:22.147,6862.147,225,00:00:09.384,9.384
572,164527,01:54:22.147,6862.147,164618,01:54:25.942,6865.942,91,00:00:03.795,3.795
573,164618,01:54:25.942,6865.942,164726,01:54:30.447,6870.447,108,00:00:04.504,4.504
574,164726,01:54:30.447,6870.447,165119,01:54:46.838,6886.838,393,00:00:16.391,16.391
575,165119,01:54:46.838,6886.838,165399,01:54:58.517,6898.517,280,00:00:11.678,11.678
576,165399,01:54:58.517,6898.517,165562,01:55:05.315,6905.315,163,00:00:06.798,6.798
577,165562,01:55:05.315,6905.315,166201,01:55:31.967,6931.967,639,00:00:26.652,26.652
578,166201,01:55:31.967,6931.967,166554,01:55:46.690,6946.690,353,00:00:14.723,14.723
579,166554,01:55:46.690,6946.690,166747,01:55:54.739,6954.739,193,00:00:08.050,8.050
580,166747,01:55:54.739,6954.739,167247,01:56:15.594,6975.594,500,00:00:20.854,20.854
581,167247,01:56:15.594,6975.594,167389,01:56:21.516,6981.516,142,00:00:05.923,5.923
582,167389,01:56:21.516,6981.516,167655,01:56:32.611,6992.611,266,00:00:11.094,11.094
583,167655,01:56:32.611,6992.611,168043,01:56:48.793,7008.793,388,00:00:16.183,16.183
584,168043,01:56:48.793,7008.793,168355,01:57:01.806,7021.806,312,00:00:13.013,13.013
585,168355,01:57:01.806,7021.806,169499,01:57:49.521,7069.521,1144,00:00:47.714,47.714
586,169499,01:57:49.521,7069.521,169811,01:58:02.534,7082.534,312,00:00:13.013,13.013
587,169811,01:58:02.534,7082.534,170011,01:58:10.875,7090.875,200,00:00:08.342,8.342
588,170011,01:58:10.875,7090.875,170403,01:58:27.225,7107.225,392,00:00:16.350,16.350
589,170403,01:58:27.225,7107.225,170485,01:58:30.645,7110.645,82,00:00:03.420,3.420
590,170485,01:58:30.645,7110.645,170902,01:58:48.038,7128.038,417,00:00:17.392,17.392
591,170902,01:58:48.038,7128.038,172554,01:59:56.940,7196.940,1652,00:01:08.902,68.902
592,172554,01:59:56.940,7196.940,172731,02:00:04.322,7204.322,177,00:00:07.382,7.382
593,172731,02:00:04.322,7204.322,174601,02:01:22.317,7282.317,1870,00:01:17.995,77.995
594,174601,02:01:22.317,7282.317,177321,02:03:15.763,7395.763,2720,00:01:53.447,113.447
595,177321,02:03:15.763,7395.763,178245,02:03:54.302,7434.302,924,00:00:38.538,38.538
596,178245,02:03:54.302,7434.302,178359,02:03:59.057,7439.057,114,00:00:04.755,4.755
597,178359,02:03:59.057,7439.057,178439,02:04:02.393,7442.393,80,00:00:03.337,3.337
598,178439,02:04:02.393,7442.393,178553,02:04:07.148,7447.148,114,00:00:04.755,4.755
599,178553,02:04:07.148,7447.148,178744,02:04:15.114,7455.114,191,00:00:07.966,7.966
600,178744,02:04:15.114,7455.114,180551,02:05:30.481,7530.481,1807,00:01:15.367,75.367
601,180551,02:05:30.481,7530.481,180982,02:05:48.458,7548.458,431,00:00:17.976,17.976
602,180982,02:05:48.458,7548.458,181043,02:05:51.002,7551.002,61,00:00:02.544,2.544
603,181043,02:05:51.002,7551.002,181242,02:05:59.302,7559.302,199,00:00:08.300,8.300
604,181242,02:05:59.302,7559.302,181481,02:06:09.270,7569.270,239,00:00:09.968,9.968
605,181481,02:06:09.270,7569.270,181660,02:06:16.736,7576.736,179,00:00:07.466,7.466
606,181660,02:06:16.736,7576.736,182014,02:06:31.501,7591.501,354,00:00:14.765,14.765
607,182014,02:06:31.501,7591.501,182114,02:06:35.671,7595.671,100,00:00:04.171,4.171
608,182114,02:06:35.671,7595.671,182220,02:06:40.092,7600.092,106,00:00:04.421,4.421
609,182220,02:06:40.092,7600.092,182356,02:06:45.765,7605.765,136,00:00:05.672,5.672
610,182356,02:06:45.765,7605.765,182436,02:06:49.101,7609.101,80,00:00:03.337,3.337
611,182436,02:06:49.101,7609.101,182509,02:06:52.146,7612.146,73,00:00:03.045,3.045
612,182509,02:06:52.146,7612.146,182607,02:06:56.234,7616.234,98,00:00:04.087,4.087
613,182607,02:06:56.234,7616.234,182936,02:07:09.956,7629.956,329,00:00:13.722,13.722
614,182936,02:07:09.956,7629.956,183393,02:07:29.016,7649.016,457,00:00:19.061,19.061
615,183393,02:07:29.016,7649.016,183508,02:07:33.813,7653.813,115,00:00:04.796,4.796
616,183508,02:07:33.813,7653.813,183899,02:07:50.121,7670.121,391,00:00:16.308,16.308
617,183899,02:07:50.121,7670.121,184836,02:08:29.201,7709.201,937,00:00:39.081,39.081
618,184836,02:08:29.201,7709.201,185313,02:08:49.096,7729.096,477,00:00:19.895,19.895
619,185313,02:08:49.096,7729.096,186751,02:09:49.073,7789.073,1438,00:00:59.977,59.977
620,186751,02:09:49.073,7789.073,190973,02:12:45.166,7965.166,4222,00:02:56.093,176.093
621,190973,02:12:45.166,7965.166,191279,02:12:57.928,7977.928,306,00:00:12.763,12.763
622,191279,02:12:57.928,7977.928,191793,02:13:19.366,7999.366,514,00:00:21.438,21.438
623,191793,02:13:19.366,7999.366,192132,02:13:33.505,8013.505,339,00:00:14.139,14.139
624,192132,02:13:33.505,8013.505,192355,02:13:42.806,8022.806,223,00:00:09.301,9.301
625,192355,02:13:42.806,8022.806,192607,02:13:53.317,8033.317,252,00:00:10.510,10.510
626,192607,02:13:53.317,8033.317,192774,02:14:00.282,8040.282,167,00:00:06.965,6.965
627,192774,02:14:00.282,8040.282,192895,02:14:05.329,8045.329,121,00:00:05.047,5.047
628,192895,02:14:05.329,8045.329,193032,02:14:11.043,8051.043,137,00:00:05.714,5.714
629,193032,02:14:11.043,8051.043,193149,02:14:15.923,8055.923,117,00:00:04.880,4.880
630,193149,02:14:15.923,8055.923,193688,02:14:38.404,8078.404,539,00:00:22.481,22.481
631,193688,02:14:38.404,8078.404,193944,02:14:49.081,8089.081,256,00:00:10.677,10.677
632,193944,02:14:49.081,8089.081,194425,02:15:09.143,8109.143,481,00:00:20.062,20.062
633,194425,02:15:09.143,8109.143,194686,02:15:20.029,8120.029,261,00:00:10.886,10.886
634,194686,02:15:20.029,8120.029,194913,02:15:29.496,8129.496,227,00:00:09.468,9.468
635,194913,02:15:29.496,8129.496,195157,02:15:39.673,8139.673,244,00:00:10.177,10.177
636,195157,02:15:39.673,8139.673,195352,02:15:47.806,8147.806,195,00:00:08.133,8.133
637,195352,02:15:47.806,8147.806,195527,02:15:55.105,8155.105,175,00:00:07.299,7.299
638,195527,02:15:55.105,8155.105,195810,02:16:06.909,8166.909,283,00:00:11.803,11.803
639,195810,02:16:06.909,8166.909,195987,02:16:14.291,8174.291,177,00:00:07.382,7.382
640,195987,02:16:14.291,8174.291,196121,02:16:19.880,8179.880,134,00:00:05.589,5.589
641,196121,02:16:19.880,8179.880,197370,02:17:11.974,8231.974,1249,00:00:52.094,52.094
642,197370,02:17:11.974,8231.974,197486,02:17:16.812,8236.812,116,00:00:04.838,4.838
643,197486,02:17:16.812,8236.812,197571,02:17:20.357,8240.357,85,00:00:03.545,3.545
644,197571,02:17:20.357,8240.357,197794,02:17:29.658,8249.658,223,00:00:09.301,9.301
645,197794,02:17:29.658,8249.658,198018,02:17:39.001,8259.001,224,00:00:09.343,9.343
646,198018,02:17:39.001,8259.001,199120,02:18:24.963,8304.963,1102,00:00:45.963,45.963
647,199120,02:18:24.963,8304.963,199319,02:18:33.263,8313.263,199,00:00:08.300,8.300
648,199319,02:18:33.263,8313.263,200712,02:19:31.363,8371.363,1393,00:00:58.100,58.100
649,200712,02:19:31.363,8371.363,201085,02:19:46.920,8386.920,373,00:00:15.557,15.557
650,201085,02:19:46.920,8386.920,201173,02:19:50.591,8390.591,88,00:00:03.670,3.670
651,201173,02:19:50.591,8390.591,201841,02:20:18.452,8418.452,668,00:00:27.861,27.861
652,201841,02:20:18.452,8418.452,202170,02:20:32.174,8432.174,329,00:00:13.722,13.722
653,202170,02:20:32.174,8432.174,202432,02:20:43.101,8443.101,262,00:00:10.928,10.928
654,202432,02:20:43.101,8443.101,202550,02:20:48.023,8448.023,118,00:00:04.922,4.922
655,202550,02:20:48.023,8448.023,203393,02:21:23.183,8483.183,843,00:00:35.160,35.160
656,203393,02:21:23.183,8483.183,203577,02:21:30.857,8490.857,184,00:00:07.674,7.674
657,203577,02:21:30.857,8490.857,204480,02:22:08.520,8528.520,903,00:00:37.663,37.663
658,204480,02:22:08.520,8528.520,204561,02:22:11.898,8531.898,81,00:00:03.378,3.378
659,204561,02:22:11.898,8531.898,204677,02:22:16.737,8536.737,116,00:00:04.838,4.838
660,204677,02:22:16.737,8536.737,205001,02:22:30.250,8550.250,324,00:00:13.513,13.513
661,205001,02:22:30.250,8550.250,205210,02:22:38.967,8558.967,209,00:00:08.717,8.717
662,205210,02:22:38.967,8558.967,205552,02:22:53.231,8573.231,342,00:00:14.264,14.264
663,205552,02:22:53.231,8573.231,205763,02:23:02.032,8582.032,211,00:00:08.800,8.800
664,205763,02:23:02.032,8582.032,205967,02:23:10.540,8590.540,204,00:00:08.508,8.508
665,205967,02:23:10.540,8590.540,206275,02:23:23.386,8603.386,308,00:00:12.846,12.846
666,206275,02:23:23.386,8603.386,206712,02:23:41.613,8621.613,437,00:00:18.227,18.227
667,206712,02:23:41.613,8621.613,207570,02:24:17.399,8657.399,858,00:00:35.786,35.786
668,207570,02:24:17.399,8657.399,208264,02:24:46.344,8686.344,694,00:00:28.946,28.946
669,208264,02:24:46.344,8686.344,208758,02:25:06.948,8706.948,494,00:00:20.604,20.604
670,208758,02:25:06.948,8706.948,208939,02:25:14.497,8714.497,181,00:00:07.549,7.549
671,208939,02:25:14.497,8714.497,209153,02:25:23.423,8723.423,214,00:00:08.926,8.926
672,209153,02:25:23.423,8723.423,209331,02:25:30.847,8730.847,178,00:00:07.424,7.424
673,209331,02:25:30.847,8730.847,209925,02:25:55.622,8755.622,594,00:00:24.775,24.775
674,209925,02:25:55.622,8755.622,210169,02:26:05.799,8765.799,244,00:00:10.177,10.177
675,210169,02:26:05.799,8765.799,210323,02:26:12.222,8772.222,154,00:00:06.423,6.423
676,210323,02:26:12.222,8772.222,210456,02:26:17.769,8777.769,133,00:00:05.547,5.547
677,210456,02:26:17.769,8777.769,210912,02:26:36.788,8796.788,456,00:00:19.019,19.019
678,210912,02:26:36.788,8796.788,215827,02:30:01.784,9001.784,4915,00:03:24.996,204.996
679,215827,02:30:01.784,9001.784,216199,02:30:17.300,9017.300,372,00:00:15.515,15.515
680,216199,02:30:17.300,9017.300,216357,02:30:23.890,9023.890,158,00:00:06.590,6.590
681,216357,02:30:23.890,9023.890,216584,02:30:33.358,9033.358,227,00:00:09.468,9.468
682,216584,02:30:33.358,9033.358,216993,02:30:50.416,9050.416,409,00:00:17.059,17.059
683,216993,02:30:50.416,9050.416,217373,02:31:06.266,9066.266,380,00:00:15.849,15.849
684,217373,02:31:06.266,9066.266,217585,02:31:15.108,9075.108,212,00:00:08.842,8.842
685,217585,02:31:15.108,9075.108,217752,02:31:22.073,9082.073,167,00:00:06.965,6.965
686,217752,02:31:22.073,9082.073,217871,02:31:27.036,9087.036,119,00:00:04.963,4.963
687,217871,02:31:27.036,9087.036,217998,02:31:32.333,9092.333,127,00:00:05.297,5.297
688,217998,02:31:32.333,9092.333,218180,02:31:39.924,9099.924,182,00:00:07.591,7.591
689,218180,02:31:39.924,9099.924,218507,02:31:53.563,9113.563,327,00:00:13.639,13.639
690,218507,02:31:53.563,9113.563,218610,02:31:57.859,9117.859,103,00:00:04.296,4.296
691,218610,02:31:57.859,9117.859,218766,02:32:04.365,9124.365,156,00:00:06.506,6.506
692,218766,02:32:04.365,9124.365,219007,02:32:14.417,9134.417,241,00:00:10.052,10.052
693,219007,02:32:14.417,9134.417,219609,02:32:39.525,9159.525,602,00:00:25.108,25.108
694,219609,02:32:39.525,9159.525,219955,02:32:53.956,9173.956,346,00:00:14.431,14.431
695,219955,02:32:53.956,9173.956,220509,02:33:17.063,9197.063,554,00:00:23.106,23.106
696,220509,02:33:17.063,9197.063,221305,02:33:50.263,9230.263,796,00:00:33.200,33.200
697,221305,02:33:50.263,9230.263,221770,02:34:09.657,9249.657,465,00:00:19.394,19.394
698,221770,02:34:09.657,9249.657,221978,02:34:18.332,9258.332,208,00:00:08.675,8.675
699,221978,02:34:18.332,9258.332,222180,02:34:26.757,9266.757,202,00:00:08.425,8.425
700,222180,02:34:26.757,9266.757,222321,02:34:32.638,9272.638,141,00:00:05.881,5.881
701,222321,02:34:32.638,9272.638,225175,02:36:31.674,9391.674,2854,00:01:59.036,119.036
702,225175,02:36:31.674,9391.674,225902,02:37:01.996,9421.996,727,00:00:30.322,30.322
703,225902,02:37:01.996,9421.996,229240,02:39:21.218,9561.218,3338,00:02:19.222,139.222
704,229240,02:39:21.218,9561.218,229878,02:39:47.828,9587.828,638,00:00:26.610,26.610
705,229878,02:39:47.828,9587.828,230308,02:40:05.763,9605.763,430,00:00:17.935,17.935
706,230308,02:40:05.763,9605.763,237264,02:44:55.886,9895.886,6956,00:04:50.123,290.123
707,237264,02:44:55.886,9895.886,237500,02:45:05.729,9905.729,236,00:00:09.843,9.843
708,237500,02:45:05.729,9905.729,237793,02:45:17.950,9917.950,293,00:00:12.221,12.221
709,237793,02:45:17.950,9917.950,238106,02:45:31.004,9931.004,313,00:00:13.055,13.055
710,238106,02:45:31.004,9931.004,238291,02:45:38.720,9938.720,185,00:00:07.716,7.716
711,238291,02:45:38.720,9938.720,238652,02:45:53.777,9953.777,361,00:00:15.057,15.057
712,238652,02:45:53.777,9953.777,238835,02:46:01.410,9961.410,183,00:00:07.633,7.633
713,238835,02:46:01.410,9961.410,239939,02:46:47.456,10007.456,1104,00:00:46.046,46.046
714,239939,02:46:47.456,10007.456,240057,02:46:52.377,10012.377,118,00:00:04.922,4.922
715,240057,02:46:52.377,10012.377,240665,02:47:17.736,10037.736,608,00:00:25.359,25.359
716,240665,02:47:17.736,10037.736,240792,02:47:23.033,10043.033,127,00:00:05.297,5.297
717,240792,02:47:23.033,10043.033,240948,02:47:29.539,10049.539,156,00:00:06.506,6.506
718,240948,02:47:29.539,10049.539,241168,02:47:38.715,10058.715,220,00:00:09.176,9.176
719,241168,02:47:38.715,10058.715,241312,02:47:44.721,10064.721,144,00:00:06.006,6.006
720,241312,02:47:44.721,10064.721,241606,02:47:56.984,10076.984,294,00:00:12.262,12.262
721,241606,02:47:56.984,10076.984,241923,02:48:10.205,10090.205,317,00:00:13.222,13.222
722,241923,02:48:10.205,10090.205,243050,02:48:57.210,10137.210,1127,00:00:47.005,47.005
723,243050,02:48:57.210,10137.210,243169,02:49:02.174,10142.174,119,00:00:04.963,4.963
724,243169,02:49:02.174,10142.174,244371,02:49:52.307,10192.307,1202,00:00:50.133,50.133
725,244371,02:49:52.307,10192.307,244468,02:49:56.353,10196.353,97,00:00:04.046,4.046
726,244468,02:49:56.353,10196.353,247364,02:51:57.140,10317.140,2896,00:02:00.787,120.787
727,247364,02:51:57.140,10317.140,247745,02:52:13.031,10333.031,381,00:00:15.891,15.891
728,247745,02:52:13.031,10333.031,247935,02:52:20.956,10340.956,190,00:00:07.925,7.925
729,247935,02:52:20.956,10340.956,248493,02:52:44.229,10364.229,558,00:00:23.273,23.273
730,248493,02:52:44.229,10364.229,248709,02:52:53.238,10373.238,216,00:00:09.009,9.009
731,248709,02:52:53.238,10373.238,248975,02:53:04.332,10384.332,266,00:00:11.094,11.094
732,248975,02:53:04.332,10384.332,249246,02:53:15.635,10395.635,271,00:00:11.303,11.303
733,249246,02:53:15.635,10395.635,249429,02:53:23.268,10403.268,183,00:00:07.633,7.633
734,249429,02:53:23.268,10403.268,249614,02:53:30.984,10410.984,185,00:00:07.716,7.716
735,249614,02:53:30.984,10410.984,250279,02:53:58.720,10438.720,665,00:00:27.736,27.736
736,250279,02:53:58.720,10438.720,250804,02:54:20.617,10460.617,525,00:00:21.897,21.897
737,250804,02:54:20.617,10460.617,250967,02:54:27.415,10467.415,163,00:00:06.798,6.798
738,250967,02:54:27.415,10467.415,251357,02:54:43.682,10483.682,390,00:00:16.266,16.266
739,251357,02:54:43.682,10483.682,251583,02:54:53.108,10493.108,226,00:00:09.426,9.426
740,251583,02:54:53.108,10493.108,251945,02:55:08.206,10508.206,362,00:00:15.098,15.098
741,251945,02:55:08.206,10508.206,257359,02:58:54.015,10734.015,5414,00:03:45.809,225.809
